3999.206,-6.29E-4
3998.03924,-6.29E-4
3996.87247,-6.29E-4
3995.70571,-6.3E-4
3994.53894,-2.66E-4
3993.37218,-6.31E-4
3992.20542,-6.31E-4
3991.03865,-6.32E-4
3989.87189,-6.33E-4
3988.70512,-6.32E-4
3987.53836,-6.33E-4
3986.3716,-6.33E-4
3985.20483,-6.33E-4
3984.03807,-6.34E-4
3982.87131,-6.34E-4
3981.70454,-6.35E-4
3980.53778,-6.35E-4
3979.37101,-6.35E-4
3978.20425,-6.35E-4
3977.03749,-6.36E-4
3975.87072,-6.36E-4
3974.70396,-6.35E-4
3973.53719,-6.36E-4
3972.37043,-6.36E-4
3971.20367,-6.37E-4
3970.0369,-6.36E-4
3968.87014,-6.37E-4
3967.70338,-6.37E-4
3966.53661,-6.37E-4
3965.36985,-6.37E-4
3964.20308,-6.37E-4
3963.03632,-6.38E-4
3961.86956,-6.37E-4
3960.70279,-6.37E-4
3959.53603,-6.38E-4
3958.36926,-6.38E-4
3957.2025,-6.38E-4
3956.03574,-6.38E-4
3954.86897,-6.38E-4
3953.70221,-6.38E-4
3952.53545,-6.37E-4
3951.36868,-6.38E-4
3950.20192,-6.38E-4
3949.03515,-6.38E-4
3947.86839,-6.37E-4
3946.70163,-6.37E-4
3945.53486,-6.38E-4
3944.3681,-6.38E-4
3943.20134,-6.37E-4
3942.03457,-7.57E-4
3940.86781,-8.59E-4
3939.70104,-6.37E-4
3938.53428,-6.37E-4
3937.36752,-6.87E-4
3936.20075,-9.29E-4
3935.03399,-8.69E-4
3933.86722,-7.47E-4
3932.70046,-0.00105
3931.5337,-6.36E-4
3930.36693,-6.36E-4
3929.20017,-8.89E-4
3928.03341,-7.24E-4
3926.86664,-6.35E-4
3925.69988,-6.35E-4
3924.53311,-6.34E-4
3923.36635,-9.1E-4
3922.19959,-7.02E-4
3921.03282,-6.56E-4
3919.86606,-0.00107
3918.69929,-8.64E-4
3917.53253,-9.31E-4
3916.36577,-6.8E-4
3915.199,-0.00107
3914.03224,-0.00107
3912.86548,-0.00107
3911.69871,-0.00107
3910.53195,-0.00107
3909.36518,-0.00106
3908.19842,-9.05E-4
3907.03165,-8.74E-4
3905.86489,-7.23E-4
3904.69813,-6.28E-4
3903.53136,-9.74E-4
3902.3646,-8.04E-4
3901.19784,-7.92E-4
3900.03107,-6.26E-4
3898.86431,-0.00106
3897.69754,-9.53E-4
3896.53078,-8.24E-4
3895.36402,-0.00106
3894.19725,-0.00106
3893.03049,-6.23E-4
3891.86373,-6.22E-4
3890.69696,-8.43E-4
3889.5302,-0.00106
3888.36343,-0.00106
3887.19667,-6.2E-4
3886.02991,-6.19E-4
3884.86314,-6.18E-4
3883.69638,-9.48E-4
3882.52961,-6.28E-4
3881.36285,-6.17E-4
3880.19609,-7.87E-4
3879.02932,-7.88E-4
3877.86256,-6.14E-4
3876.6958,-0.00104
3875.52903,-6.12E-4
3874.36227,-6.12E-4
3873.1955,-6.11E-4
3872.02874,-6.11E-4
3870.86198,-6.09E-4
3869.69521,-6.09E-4
3868.52845,-6.08E-4
3867.36168,-6.07E-4
3866.19492,-6.06E-4
3865.02816,-6.05E-4
3863.86139,-6.05E-4
3862.69463,-6.03E-4
3861.52787,-6.02E-4
3860.3611,-6.02E-4
3859.19434,-6.01E-4
3858.02757,-6E-4
3856.86081,-5.99E-4
3855.69405,-2.51E-4
3854.52728,-1.66E-4
3853.36052,-5.02E-4
3852.19375,-3.46E-4
3851.02699,-5.94E-4
3849.86023,-5.93E-4
3848.69346,-5.92E-4
3847.5267,-5.91E-4
3846.35993,-7.95E-4
3845.19317,-7.24E-4
3844.02641,-5.88E-4
3842.85964,-5.87E-4
3841.69288,-5.86E-4
3840.52612,-8.14E-4
3839.35935,-6.99E-4
3838.19259,-5.83E-4
3837.02582,-9.53E-4
3835.85906,-7.37E-4
3834.6923,-0.00101
3833.52553,-0.00101
3832.35877,-5.8E-4
3831.192,-0.00101
3830.02524,-0.00101
3828.85848,-0.00101
3827.69171,-6.46E-4
3826.52495,-0.00101
3825.35819,-1E-3
3824.19142,-1E-3
3823.02466,-7.1E-4
3821.85789,-5.67E-4
3820.69113,-6.04E-4
3819.52437,-9.99E-4
3818.3576,-7.76E-4
3817.19084,-2.48E-4
3816.02407,-5.28E-4
3814.85731,-9.93E-4
3813.69055,-9.92E-4
3812.52378,-9.9E-4
3811.35702,-9.89E-4
3810.19026,-9.88E-4
3809.02349,-5.52E-4
3807.85673,-7.23E-4
3806.68996,-9.83E-4
3805.5232,-9.82E-4
3804.35644,-5.47E-4
3803.18967,-4.41E-4
3802.02291,-3.03E-4
3800.85615,-8.27E-4
3799.68938,-9.75E-4
3798.52262,-9.73E-4
3797.35585,-8.48E-4
3796.18909,-5.36E-4
3795.02232,-5.34E-4
3793.85556,-5.32E-4
3792.6888,-9.12E-4
3791.52203,-5.3E-4
3790.35527,-7.64E-4
3789.18851,-9.61E-4
3788.02174,-9.59E-4
3786.85498,-5.99E-4
3785.68822,-7.9E-4
3784.52145,-5.2E-4
3783.35469,-8.67E-4
3782.18792,-9.47E-4
3781.02116,-5.16E-4
3779.85439,-5.14E-4
3778.68763,-5.12E-4
3777.52087,-8.8E-4
3776.3541,-9.18E-4
3775.18734,-5.07E-4
3774.02058,-5.06E-4
3772.85381,-5.04E-4
3771.68705,-5.01E-4
3770.52028,-5E-4
3769.35352,-4.98E-4
3768.18676,-4.96E-4
3767.01999,-4.95E-4
3765.85323,-4.93E-4
3764.68647,-8.58E-4
3763.5197,-4.9E-4
3762.35294,-4.88E-4
3761.18617,-4.85E-4
3760.01941,-4.84E-4
3758.85265,-4.83E-4
3757.68588,-4.8E-4
3756.51912,-4.78E-4
3755.35235,-4.77E-4
3754.18559,-4.36E-4
3753.01883,1.76E-4
3751.85206,-4.71E-4
3750.6853,-1.76E-4
3749.51854,-4.18E-4
3748.35177,-4.65E-4
3747.18501,-4.63E-4
3746.01824,-1.5E-5
3744.85148,-2.18E-4
3743.68472,-4.57E-4
3742.51795,-4.56E-4
3741.35119,-4.54E-4
3740.18442,-4.51E-4
3739.01766,-4.49E-4
3737.8509,-2E-5
3736.68413,-3.63E-4
3735.51737,-1.82E-4
3734.35061,-4.41E-4
3733.18384,-8.3E-5
3732.01708,-4.37E-4
3730.85031,-4.35E-4
3729.68355,-4.33E-4
3728.51679,-4.31E-4
3727.35002,-4.29E-4
3726.18326,-4.26E-4
3725.01649,-4.24E-4
3723.84973,-2.06E-4
3722.68297,-2.93E-4
3721.5162,-4.17E-4
3720.34944,-4.16E-4
3719.18268,-4.13E-4
3718.01591,-4.11E-4
3716.84915,-4.09E-4
3715.68238,1.3E-5
3714.51562,-4.05E-4
3713.34886,-2.34E-4
3712.18209,-2.24E-4
3711.01533,-4.7E-5
3709.84856,3.9E-5
3708.6818,4.2E-5
3707.51504,-1.44E-4
3706.34827,-3.88E-4
3705.18151,-3.86E-4
3704.01474,5E-5
3702.84798,5.4E-5
3701.68122,5.6E-5
3700.51445,5.8E-5
3699.34769,6.1E-5
3698.18093,6.3E-5
3697.01416,6.6E-5
3695.8474,6.8E-5
3694.68063,7E-5
3693.51387,7.3E-5
3692.34711,7.5E-5
3691.18034,7.7E-5
3690.01358,3.33E-4
3688.84681,1.74E-4
3687.68005,8.5E-5
3686.51329,8.7E-5
3685.34652,9E-5
3684.17976,9.2E-5
3683.013,9.5E-5
3681.84623,5.33E-4
3680.67947,5.36E-4
3679.5127,5.38E-4
3678.34594,5.4E-4
3677.17918,9.29E-4
3676.01241,9.82E-4
3674.84565,8.5E-4
3673.67888,5.51E-4
3672.51212,8.7E-4
3671.34536,0.0014
3670.17859,9.94E-4
3669.01183,9.97E-4
3667.84506,9.99E-4
3666.6783,1E-3
3665.51154,1E-3
3664.34477,0.0011
3663.17801,0.00145
3662.01125,0.00145
3660.84448,0.00145
3659.67772,0.00146
3658.51095,0.00157
3657.34419,0.0019
3656.17743,0.0019
3655.01066,0.0019
3653.8439,0.00191
3652.67713,0.00204
3651.51037,0.00235
3650.34361,0.00266
3649.17684,0.00238
3648.01008,0.00236
3646.84332,0.00251
3645.67655,0.0028
3644.50979,0.0028
3643.34302,0.00281
3642.17626,0.00281
3641.0095,0.00298
3639.84273,0.00325
3638.67597,0.00326
3637.5092,0.0037
3636.34244,0.0037
3635.17568,0.0037
3634.00891,0.00398
3632.84215,0.00415
3631.67539,0.00418
3630.50862,0.00459
3629.34186,0.0046
3628.17509,0.0046
3627.00833,0.005
3625.84157,0.00465
3624.6748,0.00505
3623.50804,0.00505
3622.34128,0.00538
3621.17451,0.0055
3620.00775,0.00594
3618.84098,0.00594
3617.67422,0.00595
3616.50746,0.0063
3615.34069,0.00639
3614.17393,0.00649
3613.00716,0.00684
3611.8404,0.00685
3610.67364,0.00722
3609.50687,0.00729
3608.34011,0.00741
3607.17335,0.00774
3606.00658,0.00775
3604.83982,0.00814
3603.67305,0.00819
3602.50629,0.00834
3601.33953,0.00864
3600.17276,0.00897
3599.006,0.00909
3597.83923,0.00916
3596.67247,0.00953
3595.50571,0.00952
3594.33894,0.00986
3593.17218,0.0104
3592.00542,0.0104
3590.83865,0.01058
3589.67189,0.01112
3588.50512,0.01128
3587.33836,0.01173
3586.17159,0.01173
3585.00483,0.01193
3583.83807,0.01217
3582.6713,0.01256
3581.50454,0.01265
3580.33778,0.01305
3579.17101,0.01328
3578.00425,0.01381
3576.83749,0.01394
3575.67072,0.01439
3574.50396,0.01453
3573.33719,0.01508
3572.17043,0.01528
3571.00367,0.01571
3569.8369,0.01625
3568.67014,0.01662
3567.50337,0.01689
3566.33661,0.01744
3565.16985,0.01753
3564.00308,0.01807
3562.83632,0.01862
3561.66955,0.01916
3560.50279,0.01932
3559.33603,0.02023
3558.16926,0.02036
3557.0025,0.0209
3555.83574,0.02145
3554.66897,0.022
3553.50221,0.02255
3552.33544,0.0231
3551.16868,0.02366
3550.00192,0.02421
3548.83515,0.0252
3547.66839,0.02578
3546.50162,0.02633
3545.33486,0.02689
3544.1681,0.02782
3543.00133,0.02847
3541.83457,0.02913
3540.66781,0.03006
3539.50104,0.03062
3538.33428,0.03158
3537.16751,0.03268
3536.00075,0.03324
3534.83399,0.03404
3533.66722,0.03485
3532.50046,0.03584
3531.33369,0.03693
3530.16693,0.03765
3529.00017,0.03905
3527.8334,0.04007
3526.66664,0.04155
3525.49987,0.04274
3524.33311,0.04372
3523.16635,0.04485
3521.99958,0.04623
3520.83282,0.04739
3519.66606,0.04866
3518.49929,0.05023
3517.33253,0.05141
3516.16576,0.0526
3514.999,0.05428
3513.83224,0.05547
3512.66547,0.05689
3511.49871,0.05836
3510.33194,0.06
3509.16518,0.06131
3507.99842,0.06313
3506.83165,0.0647
3505.66489,0.06592
3504.49813,0.06762
3503.33136,0.06896
3502.1646,0.07081
3500.99783,0.07239
3499.83107,0.07363
3498.66431,0.07538
3497.49754,0.07665
3496.33078,0.07811
3495.16401,0.07968
3493.99725,0.08137
3492.83049,0.08274
3491.66372,0.08401
3490.49696,0.08552
3489.3302,0.0871
3488.16343,0.08839
3486.99667,0.08968
3485.8299,0.09097
3484.66314,0.09254
3483.49638,0.09411
3482.32961,0.09542
3481.16285,0.09673
3479.99609,0.09804
3478.82932,0.09906
3477.66256,0.10014
3476.49579,0.10146
3475.32903,0.10325
3474.16226,0.10412
3472.9955,0.10547
3471.82874,0.10681
3470.66197,0.10759
3469.49521,0.10895
3468.32845,0.11029
3467.16168,0.11165
3465.99492,0.11301
3464.82816,0.11382
3463.66139,0.11518
3462.49463,0.11656
3461.32786,0.11793
3460.1611,0.1188
3458.99433,0.12012
3457.82757,0.12133
3456.66081,0.12233
3455.49404,0.12373
3454.32728,0.12513
3453.16052,0.12653
3451.99375,0.12794
3450.82699,0.12935
3449.66022,0.13077
3448.49346,0.1322
3447.3267,0.1335
3446.15993,0.13471
3444.99317,0.13612
3443.8264,0.13733
3442.65964,0.13878
3441.49288,0.14023
3440.32611,0.14169
3439.15935,0.14314
3437.99259,0.14461
3436.82582,0.14608
3435.65906,0.14755
3434.49229,0.14904
3433.32553,0.15052
3432.15877,0.15201
3430.992,0.15351
3429.82524,0.15501
3428.65848,0.15651
3427.49171,0.15802
3426.32495,0.15954
3425.15818,0.16106
3423.99142,0.16258
3422.82466,0.16411
3421.65789,0.16617
3420.49113,0.1672
3419.32436,0.1689
3418.1576,0.17066
3416.99084,0.17229
3415.82407,0.17407
3414.65731,0.17564
3413.49055,0.17647
3412.32378,0.1775
3411.15702,0.18087
3409.99025,0.18266
3408.82349,0.18427
3407.65673,0.18565
3406.48996,0.18682
3405.3232,0.18844
3404.15643,0.19007
3402.98967,0.19183
3401.82291,0.19402
3400.65614,0.19567
3399.48938,0.19732
3398.32262,0.19898
3397.15585,0.20065
3395.98909,0.20232
3394.82232,0.204
3393.65556,0.20569
3392.4888,0.20668
3391.32203,0.20838
3390.15527,0.21008
3388.9885,0.21179
3387.82174,0.21351
3386.65498,0.21523
3385.48821,0.21673
3384.32145,0.2176
3383.15468,0.21793
3381.98792,0.2193
3380.82116,0.22239
3379.65439,0.22353
3378.48763,0.22487
3377.32087,0.22633
3376.1541,0.22737
3374.98734,0.22799
3373.82057,0.23063
3372.65381,0.23199
3371.48705,0.23379
3370.32028,0.23482
3369.15352,0.23592
3367.98675,0.23737
3366.81999,0.23879
3365.65323,0.23996
3364.48646,0.24094
3363.3197,0.24254
3362.15294,0.24385
3360.98617,0.24515
3359.81941,0.24679
3358.65264,0.24777
3357.48588,0.24898
3356.31912,0.25041
3355.15235,0.25135
3353.98559,0.25306
3352.81882,0.25479
3351.65206,0.25573
3350.4853,0.25668
3349.31853,0.25828
3348.15177,0.2594
3346.98501,0.26113
3345.81824,0.26245
3344.65148,0.26385
3343.48471,0.26482
3342.31795,0.2666
3341.15119,0.26757
3339.98442,0.26895
3338.81766,0.27033
3337.65089,0.27206
3336.48413,0.27311
3335.31737,0.2741
3334.1506,0.27554
3332.98384,0.2769
3331.81707,0.2787
3330.65031,0.27988
3329.48355,0.28156
3328.31678,0.28307
3327.15002,0.28441
3325.98326,0.28544
3324.81649,0.28728
3323.64973,0.28831
3322.48296,0.28988
3321.3162,0.29121
3320.14944,0.29224
3318.98267,0.2935
3317.81591,0.29516
3316.64914,0.2962
3315.48238,0.29724
3314.31562,0.29839
3313.14885,0.3002
3311.98209,0.30126
3310.81533,0.30231
3309.64856,0.30336
3308.4818,0.30442
3307.31503,0.30582
3306.14827,0.30743
3304.98151,0.30851
3303.81474,0.30957
3302.64798,0.31065
3301.48121,0.31173
3300.31445,0.3128
3299.14769,0.31389
3297.98092,0.31498
3296.81416,0.31606
3295.6474,0.31715
3294.48063,0.31763
3293.31387,0.31844
3292.1471,0.31953
3290.98034,0.32063
3289.81358,0.32173
3288.64681,0.32217
3287.48005,0.32303
3286.31329,0.32414
3285.14652,0.32492
3283.97976,0.32544
3282.81299,0.32656
3281.64623,0.32676
3280.47947,0.32769
3279.3127,0.32806
3278.14594,0.32861
3276.97917,0.32938
3275.81241,0.33047
3274.64565,0.33047
3273.47888,0.33089
3272.31212,0.3314
3271.14536,0.33222
3269.97859,0.33234
3268.81183,0.33261
3267.64506,0.33327
3266.4783,0.33327
3265.31153,0.33414
3264.14477,0.33421
3262.97801,0.33421
3261.81124,0.33421
3260.64448,0.33493
3259.47772,0.33422
3258.31095,0.33515
3257.14419,0.33514
3255.97743,0.33514
3254.81066,0.33514
3253.6439,0.33514
3252.47713,0.33514
3251.31037,0.33514
3250.14361,0.33514
3248.97684,0.33514
3247.81008,0.33507
3246.64331,0.3342
3245.47655,0.3342
3244.30979,0.3342
3243.14302,0.3342
3241.97626,0.33326
3240.80949,0.33325
3239.64273,0.33325
3238.47597,0.33255
3237.3092,0.33232
3236.14244,0.33216
3234.97568,0.33138
3233.80891,0.33138
3232.64215,0.33064
3231.47538,0.33044
3230.30862,0.33024
3229.14186,0.32911
3227.97509,0.32858
3226.80833,0.3278
3225.64156,0.32761
3224.4748,0.32673
3223.30804,0.32629
3222.14127,0.32517
3220.97451,0.32488
3219.80775,0.32396
3218.64098,0.32367
3217.47422,0.32305
3216.30745,0.32238
3215.14069,0.32127
3213.97393,0.32108
3212.80716,0.31998
3211.6404,0.31939
3210.47363,0.31869
3209.30687,0.31759
3208.14011,0.3165
3206.97334,0.3154
3205.80658,0.31432
3204.63981,0.31397
3203.47305,0.31304
3202.30629,0.31196
3201.13952,0.31088
3199.97276,0.3104
3198.806,0.30883
3197.63923,0.30854
3196.47247,0.30747
3195.3057,0.3064
3194.13894,0.30534
3192.97218,0.30427
3191.80541,0.30321
3190.63865,0.30216
3189.47188,0.3011
3188.30512,0.29938
3187.13836,0.29813
3185.97159,0.29709
3184.80483,0.29604
3183.63807,0.295
3182.4713,0.29397
3181.30454,0.29291
3180.13777,0.29104
3178.97101,0.29001
3177.80425,0.28899
3176.63748,0.28797
3175.47072,0.2861
3174.30395,0.28508
3173.13719,0.28407
3171.97043,0.28248
3170.80366,0.28121
3169.6369,0.28021
3168.47014,0.27893
3167.30337,0.27693
3166.13661,0.27556
3164.96984,0.27457
3163.80308,0.27344
3162.63632,0.27177
3161.46955,0.27031
3160.30279,0.269
3159.13602,0.26722
3157.96926,0.26607
3156.8025,0.26448
3155.63573,0.263
3154.46897,0.26175
3153.3022,0.25995
3152.13544,0.25826
3150.96868,0.25693
3149.80191,0.25557
3148.63515,0.25392
3147.46839,0.25212
3146.30162,0.25094
3145.13486,0.24947
3143.9681,0.24797
3142.80133,0.24611
3141.63457,0.24438
3140.4678,0.24318
3139.30104,0.24134
3138.13427,0.24011
3136.96751,0.23845
3135.80075,0.23663
3134.63398,0.23482
3133.46722,0.23302
3132.30046,0.23184
3131.13369,0.23017
3129.96693,0.22839
3128.80016,0.22661
3127.6334,0.22485
3126.46664,0.22373
3125.29987,0.22133
3124.13311,0.21958
3122.96634,0.21784
3121.79958,0.21611
3120.63282,0.21438
3119.46605,0.21266
3118.29929,0.21094
3117.13253,0.20924
3115.96576,0.20754
3114.799,0.20585
3113.63223,0.20417
3112.46547,0.20248
3111.29871,0.20039
3110.13194,0.19846
3108.96518,0.1968
3107.79842,0.19515
3106.63165,0.1932
3105.46489,0.19119
3104.29812,0.18956
3103.13136,0.18726
3101.9646,0.18565
3100.79783,0.18371
3099.63107,0.18177
3098.4643,0.17957
3097.29754,0.17793
3096.13078,0.17613
3094.96401,0.17413
3093.79725,0.17207
3092.63049,0.17035
3091.46372,0.16815
3090.29696,0.16661
3089.13019,0.16469
3087.96343,0.1629
3086.79667,0.16073
3085.6299,0.1586
3084.46314,0.15682
3083.29637,0.15495
3082.12961,0.15293
3080.96285,0.15073
3079.79608,0.14908
3078.62932,0.14686
3077.46256,0.14507
3076.29579,0.14306
3075.12903,0.14094
3073.96226,0.1393
3072.7955,0.13713
3071.62874,0.13541
3070.46197,0.13342
3069.29521,0.13128
3068.12844,0.12936
3066.96168,0.12762
3065.79492,0.1255
3064.62815,0.12398
3063.46139,0.12188
3062.29462,0.12004
3061.12786,0.11829
3059.9611,0.11624
3058.79433,0.11474
3057.62757,0.11269
3056.46081,0.11092
3055.29404,0.10918
3054.12728,0.10766
3052.96051,0.1057
3051.79375,0.10386
3050.62699,0.10225
3049.46022,0.10025
3048.29346,0.09878
3047.12669,0.09692
3045.95993,0.09542
3044.79317,0.09376
3043.6264,0.09204
3042.45964,0.09063
3041.29288,0.0888
3040.12611,0.08751
3038.95935,0.0859
3037.79258,0.08443
3036.62582,0.08313
3035.45906,0.08135
3034.29229,0.08009
3033.12553,0.07883
3031.95876,0.07712
3030.792,0.0758
3029.62524,0.0744
3028.45847,0.07279
3027.29171,0.07155
3026.12495,0.07031
3024.95818,0.06908
3023.79142,0.06785
3022.62465,0.06662
3021.45789,0.06579
3020.29113,0.06469
3019.12436,0.06347
3017.9576,0.06245
3016.79083,0.06155
3015.62407,0.06075
3014.45731,0.06013
3013.29054,0.05905
3012.12378,0.05845
3010.95701,0.05785
3009.79025,0.05725
3008.62349,0.05668
3007.45672,0.05655
3006.28996,0.0562
3005.1232,0.0562
3003.95643,0.0562
3002.78967,0.05621
3001.6229,0.05621
3000.45614,0.05621
2999.28938,0.05622
2998.12261,0.05669
2996.95585,0.05672
2995.78908,0.05672
2994.62232,0.05673
2993.45556,0.05673
2992.28879,0.05673
2991.12203,0.05663
2989.95527,0.05603
2988.7885,0.05575
2987.62174,0.05534
2986.45497,0.05425
2985.28821,0.05366
2984.12145,0.05307
2982.95468,0.05214
2981.78792,0.05139
2980.62115,0.05032
2979.45439,0.04973
2978.28763,0.04915
2977.12086,0.04892
2975.9541,0.04846
2974.78734,0.04844
2973.62057,0.04844
2972.45381,0.04872
2971.28704,0.04893
2970.12028,0.04941
2968.95352,0.04991
2967.78675,0.05012
2966.61999,0.05071
2965.45323,0.0509
2964.28646,0.05093
2963.1197,0.0514
2961.95293,0.0514
2960.78617,0.05141
2959.61941,0.05141
2958.45264,0.05092
2957.28588,0.05079
2956.11911,0.0502
2954.95235,0.04961
2953.78559,0.04903
2952.61882,0.04844
2951.45206,0.04786
2950.2853,0.04727
2949.11853,0.04632
2947.95177,0.04562
2946.785,0.04504
2945.61824,0.04465
2944.45147,0.04436
2943.28471,0.04418
2942.11795,0.04418
2940.95118,0.04418
2939.78442,0.04419
2938.61766,0.04419
2937.45089,0.0442
2936.28413,0.0442
2935.11737,0.04407
2933.9506,0.04372
2932.78384,0.04339
2931.61707,0.04281
2930.45031,0.04219
2929.28354,0.04118
2928.11678,0.04036
2926.95002,0.03956
2925.78325,0.03853
2924.61649,0.03747
2923.44973,0.03672
2922.28296,0.03585
2921.1162,0.03567
2919.94943,0.0352
2918.78267,0.03463
2917.61591,0.03426
2916.44914,0.03427
2915.28238,0.03427
2914.11562,0.03425
2912.94885,0.03381
2911.78209,0.03359
2910.61532,0.03335
2909.44856,0.03293
2908.2818,0.03283
2907.11503,0.03227
2905.94827,0.03171
2904.7815,0.03115
2903.61474,0.03059
2902.44798,0.0301
2901.28121,0.02993
2900.11445,0.02938
2898.94769,0.02882
2897.78092,0.02872
2896.61416,0.02817
2895.44739,0.0278
2894.28063,0.02751
2893.11387,0.02696
2891.9471,0.02686
2890.78034,0.02642
2889.61357,0.02622
2888.44681,0.02597
2887.28005,0.02598
2886.11328,0.02552
2884.94652,0.02538
2883.77976,0.02507
2882.61299,0.02507
2881.44623,0.02507
2880.27946,0.02462
2879.1127,0.02462
2877.94594,0.02463
2876.77917,0.02463
2875.61241,0.02463
2874.44564,0.02464
2873.27888,0.02482
2872.11212,0.02511
2870.94535,0.02511
2869.77859,0.02512
2868.61182,0.02558
2867.44506,0.02579
2866.2783,0.02605
2865.11153,0.02645
2863.94477,0.02655
2862.77801,0.02698
2861.61124,0.02722
2860.44448,0.02746
2859.27771,0.02788
2858.11095,0.02798
2856.94419,0.02839
2855.77742,0.02865
2854.61066,0.02887
2853.44389,0.02931
2852.27713,0.02934
2851.11037,0.02952
2849.9436,0.03009
2848.77684,0.03028
2847.61008,0.03076
2846.44331,0.03132
2845.27655,0.03189
2844.10978,0.03276
2842.94302,0.03391
2841.77626,0.03505
2840.60949,0.03632
2839.44273,0.03804
2838.27596,0.03977
2837.1092,0.0415
2835.94244,0.04325
2834.77567,0.045
2833.60891,0.0465
2832.44214,0.04732
2831.27538,0.04791
2830.10862,0.04794
2828.94185,0.04759
2827.77509,0.04642
2826.60833,0.04488
2825.44156,0.04362
2824.2748,0.04189
2823.10804,0.04016
2821.94127,0.03843
2820.77451,0.03672
2819.60774,0.0355
2818.44098,0.03425
2817.27421,0.03277
2816.10745,0.03163
2814.94069,0.03051
2813.77392,0.02938
2812.60716,0.02827
2811.4404,0.02715
2810.27363,0.02603
2809.10687,0.02536
2807.9401,0.02428
2806.77334,0.02318
2805.60658,0.02233
2804.43981,0.02143
2803.27305,0.02078
2802.10628,0.01977
2800.93952,0.01905
2799.77276,0.01824
2798.60599,0.01731
2797.43923,0.0167
2796.27247,0.01605
2795.1057,0.01516
2793.93894,0.01462
2792.77217,0.01408
2791.60541,0.0131
2790.43865,0.01256
2789.27188,0.01202
2788.10512,0.01149
2786.93835,0.01096
2785.77159,0.01042
2784.60483,0.01003
2783.43806,0.0098
2782.2713,0.00927
2781.10454,0.00873
2779.93777,0.00828
2778.77101,0.00811
2777.60424,0.00758
2776.43748,0.00741
2775.27072,0.00697
2774.10395,0.00687
2772.93719,0.00634
2771.77043,0.0061
2770.60366,0.00573
2769.4369,0.00567
2768.27013,0.00555
2767.10337,0.00524
2765.93661,0.00494
2764.76984,0.00481
2763.60308,0.00437
2762.43631,0.00438
2761.26955,0.00415
2760.10279,0.00395
2758.93602,0.00395
2757.76926,0.00389
2756.6025,0.00352
2755.43573,0.00353
2754.26897,0.00353
2753.1022,0.0031
2751.93544,0.0031
2750.76868,0.00311
2749.60191,0.00284
2748.43515,0.00268
2747.26838,0.00268
2746.10162,0.00269
2744.93486,0.00249
2743.76809,0.00226
2742.60133,0.00226
2741.43457,0.00227
2740.2678,0.00227
2739.10104,0.00228
2737.93427,0.00197
2736.76751,0.00185
2735.60075,0.00185
2734.43398,0.00186
2733.26722,0.00186
2732.10045,0.00186
2730.93369,0.00144
2729.76693,0.00143
2728.60016,0.00142
2727.4334,0.00142
2726.26663,0.00142
2725.09987,0.00142
2723.93311,0.00142
2722.76634,0.00142
2721.59958,0.00142
2720.43282,0.00104
2719.26605,9.89E-4
2718.09929,9.89E-4
2716.93252,9.89E-4
2715.76576,9.89E-4
2714.599,9.89E-4
2713.43223,9.89E-4
2712.26547,9.89E-4
2711.0987,9.88E-4
2709.93194,9.88E-4
2708.76518,9.88E-4
2707.59841,9.88E-4
2706.43165,8.19E-4
2705.26489,8.13E-4
2704.09812,9.88E-4
2702.93136,5.53E-4
2701.76459,5.53E-4
2700.59783,7.43E-4
2699.43107,7.07E-4
2698.2643,5.53E-4
2697.09754,5.53E-4
2695.93077,5.52E-4
2694.76401,5.52E-4
2693.59725,5.52E-4
2692.43048,5.52E-4
2691.26372,5.52E-4
2690.09695,5.52E-4
2688.93019,5.52E-4
2687.76343,5.52E-4
2686.59666,5.52E-4
2685.4299,5.52E-4
2684.26314,5.52E-4
2683.09637,5.52E-4
2681.92961,5.52E-4
2680.76284,5.52E-4
2679.59608,5.52E-4
2678.42932,5.52E-4
2677.26255,5.52E-4
2676.09579,5.52E-4
2674.92902,5.52E-4
2673.76226,5.52E-4
2672.5955,5.52E-4
2671.42873,5.52E-4
2670.26197,5.52E-4
2669.09521,5.08E-4
2667.92844,1.18E-4
2666.76168,3.43E-4
2665.59491,5.52E-4
2664.42815,5.53E-4
2663.26139,5.52E-4
2662.09462,5.52E-4
2660.92786,5.53E-4
2659.76109,5.53E-4
2658.59433,5.53E-4
2657.42757,5.53E-4
2656.2608,5.53E-4
2655.09404,5.53E-4
2653.92728,5.53E-4
2652.76051,5.53E-4
2651.59375,5.53E-4
2650.42698,5.53E-4
2649.26022,5.54E-4
2648.09346,5.54E-4
2646.92669,5.54E-4
2645.75993,5.54E-4
2644.59317,5.54E-4
2643.4264,5.54E-4
2642.25964,5.54E-4
2641.09287,5.54E-4
2639.92611,5.55E-4
2638.75935,7.96E-4
2637.59258,9.9E-4
2636.42582,9.9E-4
2635.25905,9.9E-4
2634.09229,9.9E-4
2632.92553,9.91E-4
2631.75876,9.91E-4
2630.592,0.00143
2629.42524,0.00143
2628.25847,0.00143
2627.09171,0.00171
2625.92494,0.00149
2624.75818,0.00186
2623.59141,0.00186
2622.42465,0.00186
2621.25789,0.00217
2620.09112,0.0023
2618.92436,0.0023
2617.7576,0.0023
2616.59083,0.0023
2615.42407,0.0023
2614.25731,0.00272
2613.09054,0.00274
2611.92378,0.00274
2610.75701,0.00274
2609.59025,0.00274
2608.42348,0.00318
2607.25672,0.00309
2606.08996,0.00293
2604.92319,0.00318
2603.75643,0.00318
2602.58967,0.00318
2601.4229,0.00318
2600.25614,0.00318
2599.08937,0.00318
2597.92261,0.00318
2596.75585,0.00318
2595.58908,0.00318
2594.42232,0.00318
2593.25556,0.00318
2592.08879,0.00318
2590.92203,0.00318
2589.75526,0.00318
2588.5885,0.00318
2587.42174,0.00284
2586.25497,0.00318
2585.08821,0.00274
2583.92144,0.00274
2582.75468,0.00274
2581.58792,0.00274
2580.42115,0.00274
2579.25439,0.00274
2578.08763,0.00274
2576.92086,0.00274
2575.7541,0.00313
2574.58733,0.00318
2573.42057,0.00318
2572.25381,0.00318
2571.08704,0.00318
2569.92028,0.00318
2568.75351,0.00324
2567.58675,0.00347
2566.41999,0.00318
2565.25322,0.00352
2564.08646,0.00362
2562.9197,0.00362
2561.75293,0.00362
2560.58617,0.00362
2559.4194,0.00362
2558.25264,0.00363
2557.08588,0.00406
2555.91911,0.00406
2554.75235,0.00406
2553.58558,0.00406
2552.41882,0.00406
2551.25206,0.00419
2550.08529,0.0045
2548.91853,0.0045
2547.75176,0.0045
2546.585,0.0045
2545.41824,0.0045
2544.25147,0.0045
2543.08471,0.00483
2541.91795,0.00494
2540.75118,0.00494
2539.58442,0.00494
2538.41765,0.00495
2537.25089,0.00495
2536.08413,0.00451
2534.91736,0.00451
2533.7506,0.00451
2532.58383,0.00451
2531.41707,0.00451
2530.25031,0.00407
2529.08354,0.00407
2527.91678,0.00407
2526.75002,0.00407
2525.58325,0.00367
2524.41649,0.00363
2523.24972,0.00349
2522.08296,0.0032
2520.9162,0.0032
2519.74943,0.0032
2518.58267,0.00276
2517.4159,0.00276
2516.24914,0.00276
2515.08238,0.00242
2513.91561,0.00233
2512.74885,0.00233
2511.58209,0.00215
2510.41532,0.00189
2509.24856,0.00189
2508.08179,0.00187
2506.91503,0.00146
2505.74827,0.00146
2504.5815,0.00146
2503.41474,0.00146
2502.24798,0.00146
2501.08121,0.00133
2499.91445,0.00102
2498.74768,0.00102
2497.58092,0.00102
2496.41415,0.00103
2495.24739,0.00103
2494.08063,7.84E-4
2492.91386,5.92E-4
2491.7471,5.92E-4
2490.58034,5.92E-4
2489.41357,5.92E-4
2488.24681,5.93E-4
2487.08004,5.93E-4
2485.91328,5.94E-4
2484.74652,5.94E-4
2483.57975,4E-4
2482.41299,4.46E-4
2481.24622,5.96E-4
2480.07946,5.62E-4
2478.9127,2.87E-4
2477.74593,3.82E-4
2476.57917,4.7E-4
2475.41241,5.98E-4
2474.24564,1.64E-4
2473.07888,3.11E-4
2471.91211,3.62E-4
2470.74535,1.66E-4
2469.57859,1.66E-4
2468.41182,5.25E-4
2467.24506,1.67E-4
2466.07829,4.26E-4
2464.91153,2.53E-4
2463.74477,6.03E-4
2462.578,6.03E-4
2461.41124,6.04E-4
2460.24448,6.05E-4
2459.07771,6.05E-4
2457.91095,6.06E-4
2456.74418,6.06E-4
2455.57742,6.07E-4
2454.41066,6.07E-4
2453.24389,6.08E-4
2452.07713,6.08E-4
2450.91037,6.09E-4
2449.7436,6.09E-4
2448.57684,6.1E-4
2447.41007,6.1E-4
2446.24331,6.11E-4
2445.07655,6.13E-4
2443.90978,6.18E-4
2442.74302,6.23E-4
2441.57625,6.28E-4
2440.40949,6.34E-4
2439.24273,6.38E-4
2438.07596,6.43E-4
2436.9092,6.48E-4
2435.74244,6.54E-4
2434.57567,6.58E-4
2433.40891,6.64E-4
2432.24214,6.69E-4
2431.07538,6.75E-4
2429.90862,6.79E-4
2428.74185,6.84E-4
2427.57509,6.9E-4
2426.40832,6.94E-4
2425.24156,7E-4
2424.0748,7.05E-4
2422.90803,7.11E-4
2421.74127,7.16E-4
2420.57451,7.2E-4
2419.40774,7.26E-4
2418.24098,7.31E-4
2417.07421,7.36E-4
2415.90745,7.41E-4
2414.74069,7.46E-4
2413.57392,7.51E-4
2412.40716,7.56E-4
2411.24039,7.62E-4
2410.07363,7.67E-4
2408.90687,7.71E-4
2407.7401,7.76E-4
2406.57334,6.56E-4
2405.40657,5.7E-4
2404.23981,4.84E-4
2403.07305,3.63E-4
2401.90628,4.25E-4
2400.73952,8.07E-4
2399.57276,8.13E-4
2398.40599,8.18E-4
2397.23923,4.02E-4
2396.07246,8.28E-4
2394.9057,8.34E-4
2393.73894,8.39E-4
2392.57217,8.43E-4
2391.40541,8.49E-4
2390.23864,8.54E-4
2389.07188,8.59E-4
2387.90512,8.64E-4
2386.73835,8.69E-4
2385.57159,8.75E-4
2384.40483,8.8E-4
2383.23806,8.85E-4
2382.0713,8.9E-4
2380.90453,0.00129
2379.73777,0.00134
2378.57101,0.00134
2377.40424,0.00135
2376.23748,0.00135
2375.07071,0.00136
2373.90395,0.00136
2372.73719,0.00136
2371.57042,0.00137
2370.40366,0.00138
2369.2369,0.00182
2368.07013,0.00182
2366.90337,0.00183
2365.7366,0.00183
2364.56984,0.00184
2363.40308,0.00184
2362.23631,0.00185
2361.06955,0.00186
2359.90278,0.00186
2358.73602,0.00186
2357.56926,0.00191
2356.40249,0.00231
2355.23573,0.00231
2354.06896,0.00232
2352.9022,0.00233
2351.73544,0.00233
2350.56867,0.00233
2349.40191,0.00234
2348.23515,0.00235
2347.06838,0.00235
2345.90162,0.00236
2344.73485,0.00254
2343.56809,0.00281
2342.40133,0.00281
2341.23456,0.00281
2340.0678,0.00282
2338.90103,0.00282
2337.73427,0.00283
2336.56751,0.00284
2335.40074,0.00284
2334.23398,0.00284
2333.06722,0.00307
2331.90045,0.00329
2330.73369,0.0033
2329.56692,0.0033
2328.40016,0.00331
2327.2334,0.00332
2326.06663,0.00332
2324.89987,0.00332
2323.7331,0.00333
2322.56634,0.00333
2321.39958,0.00334
2320.23281,0.0037
2319.06605,0.00379
2317.89928,0.00379
2316.73252,0.0038
2315.56576,0.0038
2314.39899,0.00381
2313.23223,0.00381
2312.06547,0.00382
2310.8987,0.00382
2309.73194,0.00383
2308.56518,0.00423
2307.39841,0.00428
2306.23165,0.00428
2305.06488,0.00428
2303.89812,0.00429
2302.73135,0.0043
2301.56459,0.0043
2300.39783,0.00431
2299.23106,0.00432
2298.0643,0.00432
2296.89754,0.00476
2295.73077,0.00477
2294.56401,0.00477
2293.39725,0.00478
2292.23048,0.00478
2291.06372,0.00479
2289.89695,0.00479
2288.73019,0.0048
2287.56342,0.0051
2286.39666,0.00486
2285.2299,0.00525
2284.06313,0.00526
2282.89637,0.00526
2281.72961,0.00527
2280.56284,0.00527
2279.39608,0.00535
2278.22931,0.00572
2277.06255,0.00573
2275.89579,0.00573
2274.72902,0.00574
2273.56226,0.00574
2272.3955,0.00575
2271.22873,0.00602
2270.06197,0.0062
2268.8952,0.0062
2267.72844,0.00621
2266.56168,0.00622
2265.39491,0.00622
2264.22815,0.00622
2263.06138,0.00667
2261.89462,0.00667
2260.72786,0.00668
2259.56109,0.00669
2258.39433,0.00669
2257.22757,0.0067
2256.0608,0.00685
2254.89404,0.00715
2253.72727,0.00715
2252.56051,0.00716
2251.39375,0.00716
2250.22698,0.00717
2249.06022,0.00717
2247.89345,0.00718
2246.72669,0.00719
2245.55993,0.00763
2244.39316,0.00763
2243.2264,0.00764
2242.05964,0.00764
2240.89287,0.00765
2239.72611,0.00765
2238.55934,0.00766
2237.39258,0.00767
2236.22582,0.00767
2235.05905,0.00767
2233.89229,0.00768
2232.72552,0.00745
2231.55876,0.00758
2230.392,0.00728
2229.22523,0.00726
2228.05847,0.00727
2226.89171,0.00727
2225.72494,0.00728
2224.55818,0.00728
2223.39141,0.00729
2222.22465,0.00729
2221.05789,0.0073
2219.89112,0.0073
2218.72436,0.0069
2217.55759,0.00731
2216.39083,0.00711
2215.22407,0.00719
2214.0573,0.00694
2212.89054,0.00689
2211.72377,0.0069
2210.55701,0.0069
2209.39025,0.00691
2208.22348,0.00692
2207.05672,0.00692
2205.88996,0.00692
2204.72319,0.00693
2203.55643,0.00694
2202.38966,0.00694
2201.2229,0.00694
2200.05614,0.00695
2198.88937,0.00668
2197.72261,0.00689
2196.55584,0.00695
2195.38908,0.00653
2194.22232,0.00654
2193.05555,0.00654
2191.88879,0.00655
2190.72203,0.00655
2189.55526,0.00656
2188.3885,0.00656
2187.22173,0.00657
2186.05497,0.00657
2184.88821,0.00658
2183.72144,0.00643
2182.55468,0.00615
2181.38791,0.00616
2180.22115,0.00616
2179.05439,0.00617
2177.88762,0.00617
2176.72086,0.00618
2175.55409,0.00618
2174.38733,0.00575
2173.22057,0.00575
2172.0538,0.00576
2170.88704,0.00576
2169.72028,0.00577
2168.55351,0.00574
2167.38675,0.00534
2166.21998,0.00534
2165.05322,0.00535
2163.88646,0.00536
2162.71969,0.00536
2161.55293,0.00522
2160.38616,0.00494
2159.2194,0.00494
2158.05264,0.00494
2156.88587,0.00487
2155.71911,0.00452
2154.55235,0.00452
2153.38558,0.00453
2152.21882,0.00453
2151.05205,0.00454
2149.88529,0.00454
2148.71853,0.00427
2147.55176,0.00412
2146.385,0.00412
2145.21823,0.00413
2144.05147,0.00413
2142.88471,0.00414
2141.71794,0.00414
2140.55118,0.00415
2139.38442,0.00415
2138.21765,0.00416
2137.05089,0.00416
2135.88412,0.00417
2134.71736,0.00417
2133.5506,0.00418
2132.38383,0.00393
2131.21707,0.00375
2130.05031,0.00332
2128.88354,0.00332
2127.71678,0.00333
2126.55001,0.00334
2125.38325,0.00334
2124.21649,0.00291
2123.04972,0.00292
2121.88296,0.00292
2120.71619,0.00293
2119.54943,0.00293
2118.38267,0.00294
2117.2159,0.00294
2116.04914,0.00295
2114.88238,0.00295
2113.71561,0.00296
2112.54885,0.00253
2111.38208,0.00253
2110.21532,0.00254
2109.04856,0.00254
2107.88179,0.00255
2106.71503,0.00255
2105.54826,0.00256
2104.3815,0.00256
2103.21474,0.00257
2102.04797,0.00257
2100.88121,0.00258
2099.71445,0.00259
2098.54768,0.00231
2097.38092,0.00216
2096.21415,0.00216
2095.04739,0.00217
2093.88062,0.00217
2092.71386,0.00218
2091.5471,0.00218
2090.38033,0.00219
2089.21357,0.00219
2088.04681,0.0022
2086.88004,0.00221
2085.71328,0.00221
2084.54651,0.00221
2083.37975,0.00222
2082.21299,0.00223
2081.04622,0.00223
2079.87946,0.00223
2078.7127,0.00181
2077.54593,0.00181
2076.37917,0.00209
2075.2124,0.00226
2074.04564,0.00183
2072.87888,0.00183
2071.71211,0.00184
2070.54535,0.00184
2069.37858,0.00224
2068.21182,0.00224
2067.04506,0.002
2065.87829,0.0023
2064.71153,0.0023
2063.54477,0.00231
2062.378,0.00231
2061.21124,0.00232
2060.04447,0.00232
2058.87771,0.00233
2057.71095,0.00233
2056.54418,0.00243
2055.37742,0.0026
2054.21065,0.00262
2053.04389,0.00279
2051.87713,0.00279
2050.71036,0.0028
2049.5436,0.00281
2048.37684,0.00281
2047.21007,0.00281
2046.04331,0.00282
2044.87654,0.00282
2043.70978,0.00306
2042.54302,0.00296
2041.37625,0.00284
2040.20949,0.00284
2039.04272,0.00285
2037.87596,0.00286
2036.7092,0.00286
2035.54243,0.00286
2034.37567,0.00287
2033.2089,0.00287
2032.04214,0.00288
2030.87538,0.00252
2029.70861,0.00287
2028.54185,0.00246
2027.37509,0.00247
2026.20832,0.00247
2025.04156,0.00247
2023.87479,0.00248
2022.70803,0.00248
2021.54127,0.00249
2020.3745,0.0025
2019.20774,0.0025
2018.04097,0.0025
2016.87421,0.00251
2015.70745,0.00252
2014.54068,0.00252
2013.37392,0.00253
2012.20716,0.00253
2011.04039,0.00253
2009.87363,0.00254
2008.70686,0.00255
2007.5401,0.00255
2006.37334,0.00255
2005.20657,0.00256
2004.03981,0.00256
2002.87305,0.00256
2001.70628,0.00256
2000.53952,0.00256
1999.37275,0.00256
1998.20599,0.00256
1997.03922,0.00257
1995.87246,0.00257
1994.7057,0.00257
1993.53893,0.00257
1992.37217,0.00257
1991.20541,0.00257
1990.03864,0.00257
1988.87188,0.00257
1987.70511,0.00258
1986.53835,0.00258
1985.37159,0.00258
1984.20482,0.00258
1983.03806,0.00258
1981.87129,0.00258
1980.70453,0.00258
1979.53777,0.00258
1978.371,0.00259
1977.20424,0.00259
1976.03748,0.00259
1974.87071,0.00221
1973.70395,0.00259
1972.53718,0.00259
1971.37042,0.00259
1970.20366,0.00259
1969.03689,0.0026
1967.87013,0.0026
1966.70337,0.0026
1965.5366,0.0026
1964.36984,0.0026
1963.20307,0.0026
1962.03631,0.0026
1960.86955,0.0026
1959.70278,0.00261
1958.53602,0.00261
1957.36925,0.00261
1956.20249,0.00261
1955.03573,0.00261
1953.86896,0.00232
1952.7022,0.00256
1951.53544,0.00261
1950.36867,0.00262
1949.20191,0.00262
1948.03514,0.00262
1946.86838,0.00221
1945.70162,0.00219
1944.53485,0.00234
1943.36809,0.00262
1942.20132,0.00262
1941.03456,0.0022
1939.8678,0.00263
1938.70103,0.00263
1937.53427,0.00263
1936.3675,0.00228
1935.20074,0.00263
1934.03398,0.00263
1932.86721,0.00263
1931.70045,0.00263
1930.53369,0.00264
1929.36692,0.00264
1928.20016,0.00264
1927.03339,0.00264
1925.86663,0.00264
1924.69987,0.00264
1923.5331,0.00264
1922.36634,0.00264
1921.19958,0.00265
1920.03281,0.00265
1918.86605,0.00265
1917.69928,0.00265
1916.53252,0.00265
1915.36576,0.00265
1914.19899,0.00265
1913.03223,0.00265
1911.86546,0.00265
1910.6987,0.00265
1909.53194,0.00266
1908.36517,0.00266
1907.19841,0.00263
1906.03165,0.00234
1904.86488,0.00266
1903.69812,0.00266
1902.53135,0.00227
1901.36459,0.00228
1900.19783,0.00266
1899.03106,0.00266
1897.8643,0.00235
1896.69753,0.00265
1895.53077,0.00267
1894.36401,0.00267
1893.19724,0.00267
1892.03048,0.00233
1890.86371,0.00267
1889.69695,0.00267
1888.53019,0.00267
1887.36342,0.00268
1886.19666,0.00268
1885.02989,0.00268
1883.86313,0.00268
1882.69637,0.00248
1881.5296,0.00254
1880.36284,0.00268
1879.19608,0.00268
1878.02931,0.00255
1876.86255,0.00248
1875.69578,0.00269
1874.52902,0.00269
1873.36226,0.00269
1872.19549,0.00269
1871.02873,0.00269
1869.86197,0.00269
1868.6952,0.00269
1867.52844,0.00269
1866.36167,0.00252
1865.19491,0.00253
1864.02815,0.00234
1862.86138,0.0027
1861.69462,0.0027
1860.52785,0.0027
1859.36109,0.00242
1858.19433,0.00264
1857.02756,0.00227
1855.8608,0.00239
1854.69403,0.0027
1853.52727,0.0024
1852.36051,0.00267
1851.19374,0.00227
1850.02698,0.00227
1848.86022,0.00227
1847.69345,0.00227
1846.52669,0.00228
1845.35992,0.00235
1844.19316,0.00254
1843.0264,0.00228
1841.85963,0.00228
1840.69287,0.00229
1839.5261,0.00262
1838.35934,0.00228
1837.19258,0.00228
1836.02581,0.00228
1834.85905,0.00232
1833.69229,0.0026
1832.52552,0.0025
1831.35876,0.00272
1830.19199,0.00272
1829.02523,0.00229
1827.85847,0.00243
1826.6917,0.00273
1825.52494,0.00273
1824.35818,0.00273
1823.19141,0.00273
1822.02465,0.00273
1820.85788,0.00273
1819.69112,0.00273
1818.52436,0.00273
1817.35759,0.00273
1816.19083,0.00273
1815.02406,0.00274
1813.8573,0.00274
1812.69054,0.00274
1811.52377,0.00274
1810.35701,0.00274
1809.19025,0.00274
1808.02348,0.00274
1806.85672,0.00274
1805.68995,0.00274
1804.52319,0.00274
1803.35643,0.00274
1802.18966,0.00274
1801.0229,0.00274
1799.85613,0.00274
1798.68937,0.00275
1797.52261,0.00275
1796.35584,0.00275
1795.18908,0.00275
1794.02231,0.00292
1792.85555,0.00319
1791.68879,0.00319
1790.52202,0.00275
1789.35526,0.00275
1788.1885,0.00275
1787.02173,0.00304
1785.85497,0.00319
1784.6882,0.00319
1783.52144,0.00319
1782.35468,0.00319
1781.18791,0.00319
1780.02115,0.00319
1778.85439,0.00319
1777.68762,0.00319
1776.52086,0.00319
1775.35409,0.0032
1774.18733,0.0032
1773.02057,0.00363
1771.8538,0.00363
1770.68704,0.00363
1769.52027,0.00364
1768.35351,0.00364
1767.18675,0.00364
1766.01998,0.00364
1764.85322,0.00364
1763.68646,0.00364
1762.51969,0.00407
1761.35293,0.00407
1760.18616,0.00408
1759.0194,0.00408
1757.85263,0.00408
1756.68587,0.00446
1755.51911,0.00422
1754.35234,0.00451
1753.18558,0.00452
1752.01882,0.00493
1750.85205,0.00495
1749.68529,0.00495
1748.51852,0.00496
1747.35176,0.00496
1746.185,0.00496
1745.01823,0.00539
1743.85147,0.00539
1742.6847,0.0054
1741.51794,0.00576
1740.35118,0.00583
1739.18441,0.00584
1738.01765,0.00604
1736.85089,0.00627
1735.68412,0.00666
1734.51736,0.00675
1733.35059,0.00702
1732.18383,0.00671
1731.01707,0.00703
1729.8503,0.00716
1728.68354,0.00722
1727.51678,0.00759
1726.35001,0.0076
1725.18325,0.00794
1724.01648,0.00804
1722.84972,0.00813
1721.68296,0.00848
1720.51619,0.00848
1719.34943,0.00884
1718.18266,0.00936
1717.0159,0.00936
1715.84914,0.00936
1714.68237,0.00936
1713.51561,0.00936
1712.34884,0.00981
1711.18208,0.00981
1710.01532,0.01003
1708.84855,0.01025
1707.68179,0.01025
1706.51503,0.01069
1705.34826,0.01084
1704.1815,0.01114
1703.01473,0.01114
1701.84797,0.01114
1700.68121,0.01202
1699.51444,0.01185
1698.34768,0.01185
1697.18091,0.01203
1696.01415,0.01291
1694.84739,0.01247
1693.68062,0.01247
1692.51386,0.01276
1691.3471,0.01292
1690.18033,0.01295
1689.01357,0.01336
1687.8468,0.01336
1686.68004,0.01336
1685.51328,0.01418
1684.34651,0.01386
1683.17975,0.01411
1682.01299,0.01381
1680.84622,0.01381
1679.67946,0.01424
1678.51269,0.01426
1677.34593,0.01426
1676.17917,0.01452
1675.0124,0.01435
1673.84564,0.01381
1672.67887,0.01381
1671.51211,0.01381
1670.34535,0.01382
1669.17858,0.01382
1668.01182,0.0138
1666.84506,0.01337
1665.67829,0.01337
1664.51153,0.01307
1663.34476,0.01293
1662.178,0.01288
1661.01123,0.01248
1659.84447,0.01248
1658.67771,0.01248
1657.51094,0.01207
1656.34418,0.01204
1655.17742,0.01204
1654.01065,0.01204
1652.84389,0.01204
1651.67712,0.01116
1650.51036,0.01115
1649.3436,0.01115
1648.17683,0.01088
1647.01007,0.01071
1645.84331,0.01069
1644.67654,0.01027
1643.50978,0.01007
1642.34301,0.00983
1641.17625,0.00983
1640.00949,0.00979
1638.84272,0.00939
1637.67596,0.00939
1636.50919,0.00939
1635.34243,0.00939
1634.17567,0.00895
1633.0089,0.00895
1631.84214,0.00895
1630.67538,0.00895
1629.50861,0.00852
1628.34185,0.00851
1627.17508,0.00851
1626.00832,0.00851
1624.84156,0.00851
1623.67479,0.0085
1622.50803,0.00807
1621.34126,0.00807
1620.1745,0.00807
1619.00774,0.00807
1617.84097,0.00769
1616.67421,0.00839
1615.50744,0.00807
1614.34068,0.00776
1613.17392,0.00763
1612.00715,0.00763
1610.84039,0.00748
1609.67363,0.00743
1608.50686,0.0073
1607.3401,0.00761
1606.17333,0.00719
1605.00657,0.00719
1603.83981,0.00719
1602.67304,0.00719
1601.50628,0.00719
1600.33951,0.00719
1599.17275,0.00719
1598.00599,0.00719
1596.83922,0.00719
1595.67246,0.00675
1594.5057,0.00675
1593.33893,0.00675
1592.17217,0.00675
1591.0054,0.00675
1589.83864,0.0067
1588.67188,0.00645
1587.50511,0.00675
1586.33835,0.00643
1585.17159,0.00631
1584.00482,0.00631
1582.83806,0.00631
1581.67129,0.00631
1580.50453,0.00631
1579.33777,0.00631
1578.171,0.00631
1577.00424,0.00649
1575.83747,0.0062
1574.67071,0.00587
1573.50395,0.00587
1572.33718,0.00587
1571.17042,0.00587
1570.00365,0.00587
1568.83689,0.00549
1567.67013,0.00544
1566.50336,0.00544
1565.3366,0.00543
1564.16983,0.00544
1563.00307,0.00543
1561.83631,0.00506
1560.66954,0.00543
1559.50278,0.00543
1558.33602,0.00543
1557.16925,0.00501
1556.00249,0.005
1554.83572,0.005
1553.66896,0.00473
1552.5022,0.00456
1551.33543,0.00457
1550.16867,0.0049
1549.00191,0.00456
1547.83514,0.00456
1546.66838,0.00457
1545.50161,0.00454
1544.33485,0.00413
1543.16809,0.00435
1542.00132,0.00427
1540.83456,0.00454
1539.66779,0.00453
1538.50103,0.004
1537.33427,0.00395
1536.1675,0.00383
1535.00074,0.00372
1533.83398,0.00408
1532.66721,0.00372
1531.50045,0.00347
1530.33368,0.00329
1529.16692,0.00373
1528.00016,0.0033
1526.83339,0.0033
1525.66663,0.0033
1524.49986,0.00331
1523.3331,0.00328
1522.16634,0.00299
1520.99957,0.00331
1519.83281,0.00301
1518.66604,0.00288
1517.49928,0.00288
1516.33252,0.00289
1515.16575,0.00266
1513.99899,0.00246
1512.83223,0.00287
1511.66546,0.00246
1510.4987,0.00246
1509.33193,0.00272
1508.16517,0.0029
1506.99841,0.00291
1505.83164,0.00282
1504.66488,0.00248
1503.49812,0.00248
1502.33135,0.00285
1501.16459,0.00292
1499.99782,0.00303
1498.83106,0.00336
1497.6643,0.00366
1496.49753,0.00418
1495.33077,0.00428
1494.164,0.00467
1492.99724,0.0049
1491.83048,0.00543
1490.66371,0.00637
1489.49695,0.00693
1488.33019,0.00762
1487.16342,0.00844
1485.99666,0.00932
1484.82989,0.01039
1483.66313,0.01146
1482.49637,0.01236
1481.3296,0.01317
1480.16284,0.01425
1478.99607,0.01487
1477.82931,0.01542
1476.66255,0.01576
1475.49578,0.01576
1474.32902,0.01538
1473.16225,0.01439
1471.99549,0.01385
1470.82873,0.01332
1469.66196,0.01309
1468.4952,0.0131
1467.32843,0.0136
1466.16167,0.01429
1464.99491,0.01489
1463.82814,0.01557
1462.66138,0.01578
1461.49462,0.01579
1460.32785,0.01579
1459.16109,0.01552
1457.99432,0.01499
1456.82756,0.01534
1455.6608,0.015
1454.49403,0.01555
1453.32727,0.01609
1452.16051,0.01702
1450.99374,0.01808
1449.82698,0.01862
1448.66021,0.01917
1447.49345,0.0191
1446.32669,0.01815
1445.15992,0.01746
1443.99316,0.01598
1442.8264,0.0149
1441.65963,0.01415
1440.49287,0.01361
1439.3261,0.01359
1438.15934,0.01393
1436.99257,0.01475
1435.82581,0.01494
1434.65905,0.01539
1433.49228,0.01594
1432.32552,0.01648
1431.15876,0.01702
1429.99199,0.01719
1428.82523,0.01764
1427.65846,0.01764
1426.4917,0.01764
1425.32494,0.01764
1424.15817,0.01765
1422.99141,0.0176
1421.82464,0.0172
1420.65788,0.0172
1419.49112,0.01688
1418.32435,0.01634
1417.15759,0.0158
1415.99083,0.01526
1414.82406,0.01472
1413.6573,0.01418
1412.49053,0.01365
1411.32377,0.01302
1410.15701,0.01213
1408.99024,0.01159
1407.82348,0.01106
1406.65672,0.01052
1405.48995,0.00999
1404.32319,0.00946
1403.15642,0.00893
1401.98966,0.0084
1400.8229,0.0079
1399.65613,0.00778
1398.48937,0.00725
1397.3226,0.00703
1396.15584,0.00662
1394.98908,0.00616
1393.82231,0.00601
1392.65555,0.00572
1391.48879,0.00539
1390.32202,0.00529
1389.15526,0.00486
1387.98849,0.00486
1386.82173,0.0046
1385.65497,0.00407
1384.4882,0.00399
1383.32144,0.00399
1382.15467,0.00399
1380.98791,0.004
1379.82115,0.004
1378.65438,0.00356
1377.48762,0.00356
1376.32085,0.00357
1375.15409,0.00357
1373.98733,0.00357
1372.82056,0.00357
1371.6538,0.00357
1370.48704,0.00358
1369.32027,0.00358
1368.15351,0.00358
1366.98674,0.00351
1365.81998,0.00315
1364.65322,0.00315
1363.48645,0.00349
1362.31969,0.00315
1361.15293,0.00315
1359.98616,0.00315
1358.8194,0.00316
1357.65263,0.00316
1356.48587,0.00316
1355.31911,0.00316
1354.15234,0.00316
1352.98558,0.00316
1351.81881,0.00317
1350.65205,0.00317
1349.48529,0.00317
1348.31852,0.00317
1347.15176,0.00317
1345.985,0.00317
1344.81823,0.00274
1343.65147,0.0029
1342.4847,0.00318
1341.31794,0.00318
1340.15117,0.00318
1338.98441,0.00318
1337.81765,0.00318
1336.65088,0.00318
1335.48412,0.00319
1334.31736,0.00319
1333.15059,0.00319
1331.98383,0.00319
1330.81706,0.00319
1329.6503,0.00319
1328.48354,0.00319
1327.31677,0.00319
1326.15001,0.0032
1324.98324,0.0032
1323.81648,0.0032
1322.64972,0.0032
1321.48295,0.0032
1320.31619,0.0032
1319.14943,0.0032
1317.98266,0.00321
1316.8159,0.00321
1315.64913,0.00321
1314.48237,0.00321
1313.31561,0.00321
1312.14884,0.00321
1310.98208,0.00321
1309.81532,0.00321
1308.64855,0.00322
1307.48179,0.00322
1306.31502,0.00322
1305.14826,0.00322
1303.9815,0.00322
1302.81473,0.00322
1301.64797,0.00322
1300.4812,0.00323
1299.31444,0.00323
1298.14768,0.00323
1296.98091,0.00323
1295.81415,0.00323
1294.64738,0.00323
1293.48062,0.00323
1292.31386,0.00323
1291.14709,0.00324
1289.98033,0.00324
1288.81357,0.00324
1287.6468,0.00324
1286.48004,0.00324
1285.31327,0.00324
1284.14651,0.00324
1282.97975,0.00313
1281.81298,0.00301
1280.64622,0.00324
1279.47945,0.00325
1278.31269,0.00325
1277.14593,0.00325
1275.97916,0.00302
1274.8124,0.00282
1273.64564,0.00282
1272.47887,0.00318
1271.31211,0.00282
1270.14534,0.00307
1268.97858,0.00326
1267.81182,0.00282
1266.64505,0.00326
1265.47829,0.00326
1264.31153,0.00326
1263.14476,0.00326
1261.978,0.00326
1260.81123,0.00326
1259.64447,0.00326
1258.47771,0.00326
1257.31094,0.00327
1256.14418,0.00327
1254.97741,0.00327
1253.81065,0.00327
1252.64389,0.00327
1251.47712,0.00327
1250.31036,0.00327
1249.1436,0.00327
1247.97683,0.00327
1246.81007,0.00327
1245.6433,0.00327
1244.47654,0.00291
1243.30977,0.00326
1242.14301,0.00326
1240.97625,0.0029
1239.80948,0.00325
1238.64272,0.00325
1237.47596,0.00325
1236.30919,0.00325
1235.14243,0.00212
1233.97566,0.00161
1232.8089,0.0028
1231.64214,0.00302
1230.47537,0.00323
1229.30861,0.00323
1228.14185,0.00323
1226.97508,0.00323
1225.80832,0.00322
1224.64155,0.00322
1223.47479,0.00322
1222.30803,0.00285
1221.14126,0.00304
1219.9745,0.00277
1218.80773,0.00312
1217.64097,0.00319
1216.47421,0.00277
1215.30744,0.00277
1214.14068,0.00304
1212.97392,0.00319
1211.80715,0.00319
1210.64039,0.00319
1209.47362,0.00318
1208.30686,0.00318
1207.1401,0.00318
1205.97333,0.00318
1204.80657,0.00318
1203.6398,0.00317
1202.47304,0.00317
1201.30628,0.00317
1200.13951,0.00316
1198.97275,0.00316
1197.80598,0.00316
1196.63922,0.00315
1195.47246,0.00315
1194.30569,0.00315
1193.13893,0.00315
1191.97217,0.00314
1190.8054,0.00314
1189.63864,0.00314
1188.47187,0.00314
1187.30511,0.00313
1186.13835,0.00313
1184.97158,0.00313
1183.80482,0.00312
1182.63805,0.00312
1181.47129,0.00312
1180.30453,0.00343
1179.13776,0.00314
1177.971,0.00311
1176.80424,0.00326
1175.63747,0.00354
1174.47071,0.00354
1173.30394,0.00353
1172.13718,0.00318
1170.97042,0.00353
1169.80365,0.00352
1168.63689,0.00352
1167.47013,0.00352
1166.30336,0.00362
1165.1366,0.00395
1163.96983,0.00394
1162.80307,0.00394
1161.63631,0.00437
1160.46954,0.00437
1159.30278,0.00437
1158.13601,0.00406
1156.96925,0.00393
1155.80249,0.00392
1154.63572,0.00392
1153.46896,0.00392
1152.30219,0.00391
1151.13543,0.00391
1149.96867,0.00399
1148.8019,0.00434
1147.63514,0.00434
1146.46837,0.00433
1145.30161,0.00478
1144.13485,0.0052
1142.96808,0.00539
1141.80132,0.00591
1140.63456,0.00644
1139.46779,0.00697
1138.30103,0.00762
1137.13426,0.00868
1135.9675,0.00974
1134.80074,0.01041
1133.63397,0.01143
1132.46721,0.01251
1131.30045,0.01358
1130.13368,0.01465
1128.96692,0.01573
1127.80015,0.01629
1126.63339,0.01683
1125.46663,0.01737
1124.29986,0.01791
1123.1331,0.018
1121.96634,0.01755
1120.79957,0.01717
1119.63281,0.01636
1118.46604,0.01544
1117.29928,0.01478
1116.13252,0.01328
1114.96575,0.01219
1113.79899,0.01082
1112.63222,0.0096
1111.46546,0.00858
1110.2987,0.00791
1109.13193,0.00706
1107.96517,0.00621
1106.7984,0.00556
1105.63164,0.00509
1104.46488,0.00493
1103.29811,0.0044
1102.13135,0.00421
1100.96458,0.00378
1099.79782,0.00377
1098.63106,0.00376
1097.46429,0.00349
1096.29753,0.00367
1095.13077,0.00332
1093.964,0.00331
1092.79724,0.00331
1091.63047,0.00331
1090.46371,0.0033
1089.29695,0.00326
1088.13018,0.00286
1086.96342,0.00286
1085.79666,0.00285
1084.62989,0.00285
1083.46313,0.00285
1082.29636,0.00284
1081.1296,0.00284
1079.96284,0.00284
1078.79607,0.00283
1077.62931,0.00275
1076.46254,0.00256
1075.29578,0.00282
1074.12902,0.00282
1072.96225,0.0028
1071.79549,0.00248
1070.62873,0.00281
1069.46196,0.0028
1068.2952,0.0028
1067.12843,0.0028
1065.96167,0.00279
1064.79491,0.00279
1063.62814,0.00278
1062.46138,0.00278
1061.29461,0.00283
1060.12785,0.00321
1058.96109,0.0032
1057.79432,0.0032
1056.62756,0.00361
1055.46079,0.00363
1054.29403,0.00379
1053.12727,0.00406
1051.9605,0.00474
1050.79374,0.00536
1049.62698,0.00651
1048.46021,0.00811
1047.29345,0.01026
1046.12668,0.01369
1044.95992,0.018
1043.79316,0.02373
1042.62639,0.03062
1041.45963,0.03797
1040.29286,0.04587
1039.1261,0.05353
1037.95934,0.06114
1036.79257,0.06788
1035.62581,0.07403
1034.45905,0.07929
1033.29228,0.0841
1032.12552,0.08727
1030.95875,0.08987
1029.79199,0.09096
1028.62523,0.09055
1027.45846,0.08853
1026.2917,0.08554
1025.12494,0.08109
1023.95817,0.07607
1022.79141,0.0701
1021.62464,0.0652
1020.45788,0.06082
1019.29111,0.05789
1018.12435,0.05679
1016.95759,0.05677
1015.79082,0.05751
1014.62406,0.0587
1013.4573,0.05989
1012.29053,0.06017
1011.12377,0.05954
1009.957,0.05799
1008.79024,0.05506
1007.62348,0.05076
1006.45671,0.04562
1005.28995,0.0393
1004.12319,0.03305
1002.95642,0.02716
1001.78966,0.02162
1000.62289,0.01664
999.45613,0.01284
998.28937,0.00968
997.1226,0.00754
995.95584,0.00579
994.78907,0.00467
993.62231,0.00373
992.45555,0.00341
991.28878,0.0031
990.12202,0.00257
988.95525,0.00253
987.78849,0.00253
986.62173,0.00252
985.45496,0.00251
984.2882,0.00251
983.12144,0.00214
981.95467,0.0025
980.78791,0.0025
979.62114,0.00249
978.45438,0.00249
977.28762,0.00292
976.12085,0.00292
974.95409,0.00319
973.78733,0.00334
972.62056,0.00377
971.4538,0.00388
970.28703,0.0042
969.12027,0.00449
967.95351,0.00463
966.78674,0.00506
965.61998,0.0052
964.45321,0.00549
963.28645,0.00549
962.11969,0.0059
960.95292,0.00643
959.78616,0.00679
958.6194,0.00704
957.45263,0.00756
956.28587,0.00765
955.1191,0.00809
953.95234,0.00845
952.78558,0.00924
951.61881,0.0094
950.45205,0.00986
949.28528,0.01028
948.11852,0.01048
946.95176,0.01102
945.78499,0.01155
944.61823,0.01163
943.45146,0.01216
942.2847,0.0127
941.11794,0.01324
939.95117,0.01377
938.78441,0.0143
937.61765,0.01484
936.45088,0.01513
935.28412,0.01547
934.11735,0.01645
932.95059,0.01691
931.78383,0.01709
930.61706,0.01791
929.4503,0.01862
928.28354,0.01871
927.11677,0.01926
925.95001,0.0198
924.78324,0.02035
923.61648,0.02089
922.44971,0.02188
921.28295,0.02243
920.11619,0.02275
918.94942,0.02307
917.78266,0.02403
916.6159,0.02463
915.44913,0.02517
914.28237,0.02573
913.1156,0.02593
911.94884,0.02681
910.78208,0.02738
909.61531,0.02793
908.44855,0.02848
907.28179,0.02904
906.11502,0.0296
904.94826,0.03015
903.78149,0.03071
902.61473,0.03127
901.44797,0.03222
900.2812,0.03282
899.11444,0.03307
897.94767,0.03397
896.78091,0.03453
895.61415,0.03509
894.44738,0.03566
893.28062,0.03622
892.11385,0.03679
890.94709,0.03736
889.78033,0.03792
888.61356,0.03848
887.4468,0.03905
886.28004,0.03962
885.11327,0.04019
883.94651,0.04077
882.77974,0.04124
881.61298,0.04163
880.44622,0.04218
879.27945,0.04297
878.11269,0.04314
876.94592,0.04372
875.77916,0.04429
874.6124,0.04487
873.44563,0.04545
872.27887,0.04603
871.11211,0.0466
869.94534,0.04693
868.77858,0.04728
867.61181,0.04741
866.44505,0.04844
865.27829,0.04902
864.11152,0.04932
862.94476,0.04969
861.778,0.05028
860.61123,0.05037
859.44447,0.05096
858.2777,0.05154
857.11094,0.05173
855.94418,0.05223
854.77741,0.05282
853.61065,0.05318
852.44388,0.0535
851.27712,0.05366
850.11036,0.05414
848.94359,0.05428
847.77683,0.05487
846.61006,0.05511
845.4433,0.05556
844.27654,0.05565
843.10977,0.05608
841.94301,0.05635
840.77625,0.05656
839.60948,0.05703
838.44272,0.05714
837.27595,0.05754
836.10919,0.05782
834.94243,0.05802
833.77566,0.05803
832.6089,0.05851
831.44214,0.0585
830.27537,0.05882
829.10861,0.05899
827.94184,0.05898
826.77508,0.05911
825.60831,0.05947
824.44155,0.05946
823.27479,0.0599
822.10802,0.05995
820.94126,0.05995
819.7745,0.05994
818.60773,0.0603
817.44097,0.06043
816.27421,0.06042
815.10744,0.06042
813.94068,0.06041
812.77391,0.0608
811.60715,0.0609
810.44038,0.06089
809.27362,0.06089
808.10686,0.06088
806.94009,0.06088
805.77333,0.06087
804.60657,0.06087
803.4398,0.06087
802.27304,0.06086
801.10627,0.06085
799.93951,0.0604
798.77275,0.06084
797.60598,0.06084
796.43922,0.06083
795.27246,0.06036
794.10569,0.06032
792.93893,0.06032
791.77216,0.06004
790.6054,0.0602
789.43864,0.0603
788.27187,0.0598
787.10511,0.0598
785.93834,0.05979
784.77158,0.05938
783.60482,0.05928
782.43805,0.05928
781.27129,0.05905
780.10452,0.05877
778.93776,0.05877
777.771,0.05827
776.60423,0.05826
775.43747,0.05801
774.27071,0.05775
773.10394,0.05729
771.93718,0.05725
770.77041,0.05708
769.60365,0.05674
768.43689,0.05674
767.27012,0.05625
766.10336,0.05615
764.9366,0.05554
763.76983,0.05524
762.60307,0.05523
761.4363,0.05473
760.26954,0.05424
759.10278,0.05402
757.93601,0.05374
756.76925,0.05373
755.60248,0.05321
754.43572,0.05274
753.26896,0.0525
752.10219,0.0519
750.93543,0.05131
749.76867,0.05126
748.6019,0.05093
747.43514,0.05027
746.26837,0.0499
745.10161,0.04977
743.93485,0.0492
742.76808,0.04879
741.60132,0.0485
740.43455,0.04791
739.26779,0.04732
738.10103,0.04722
736.93426,0.04683
735.7675,0.04652
734.60073,0.04593
733.43397,0.04582
732.26721,0.04523
731.10044,0.04465
729.93368,0.04406
728.76692,0.0439
727.60015,0.04337
726.43339,0.04279
725.26662,0.04245
724.09986,0.0421
722.9331,0.04152
721.76633,0.04093
720.59957,0.04052
719.43281,0.04025
718.26604,0.03967
717.09928,0.03955
715.93251,0.0385
714.76575,0.03812
713.59898,0.03782
712.43222,0.03724
711.26546,0.03714
710.09869,0.03656
708.93193,0.03599
707.76517,0.03572
706.5984,0.03531
705.43164,0.03473
704.26487,0.03416
703.09811,0.03359
701.93135,0.03335
700.76458,0.03291
699.59782,0.03281
698.43106,0.03224
697.26429,0.03167
696.09753,0.03145
694.93076,0.03099
693.764,0.03042
692.59724,0.03004
691.43047,0.02976
690.26371,0.02919
689.09694,0.02862
687.93018,0.02827
686.76342,0.02821
685.59665,0.02768
684.42989,0.02728
683.26312,0.02675
682.09636,0.02662
680.9296,0.02605
679.76283,0.02549
678.59607,0.02534
677.42931,0.02482
676.26254,0.02442
675.09578,0.02441
673.92901,0.02371
672.76225,0.02348
671.59549,0.02302
670.42872,0.02284
669.26196,0.02228
668.09519,0.02282
666.92843,0.02162
665.76167,0.02116
664.5949,0.02116
663.42814,0.02057
662.26138,0.02023
661.09461,0.0202
659.92785,0.01965
658.76108,0.0193
657.59432,0.01898
656.42756,0.01884
655.26079,0.01838
654.09403,0.01824
652.92727,0.01792
651.7605,0.01758
650.59374,0.01745
649.42697,0.01692
648.26021,0.0167
647.09345,0.01672
645.92668,0.01617
644.75992,0.01607
643.59315,0.01561
642.42639,0.01542
641.25963,0.01515
640.09286,0.01514
638.9261,0.01469
637.75933,0.01457
636.59257,0.01422
635.42581,0.01392
634.25904,0.01376
633.09228,0.01376
631.92552,0.01362
630.75875,0.01307
629.59199,0.01284
628.42522,0.01284
627.25846,0.01238
626.0917,0.01238
624.92493,0.01237
623.75817,0.01202
622.59141,0.01191
621.42464,0.01146
620.25788,0.01127
619.09111,0.011
617.92435,0.01099
616.75758,0.01054
615.59082,0.01054
614.42406,0.01033
613.25729,0.01008
612.09053,0.01045
610.92377,0.01006
609.757,0.00993
608.59024,0.00961
607.42348,0.0096
606.25671,0.00959
605.08995,0.00914
603.92318,0.00914
602.75642,0.00913
601.58965,0.00912
600.42289,0.00869
599.25613,0.00867
598.08936,0.00849
596.9226,0.00821
595.75584,0.00785
594.58907,0.00819
593.42231,0.00819
592.25554,0.00799
591.08878,0.00745
589.92202,0.00728
588.75525,0.00731
587.58849,0.00759
586.42173,0.00705
585.25496,0.00712
584.0882,0.00725
582.92143,0.00641
581.75467,0.00666
580.58791,0.00658
579.42114,0.00678
578.25438,0.00635
577.08761,0.0064
575.92085,0.00643
574.75409,0.00612
573.58732,0.00596
572.42056,0.0063
571.25379,0.00576
570.08703,0.0054
568.92027,0.00539
567.7535,0.00465
566.58674,0.0054
565.41998,0.00558
564.25321,0.00492
563.08645,0.00462
561.91968,0.00486
560.75292,0.00447
559.58616,0.00446
558.41939,0.00423
557.25263,0.00432
556.08587,0.00444
554.9191,0.00399
553.75234,0.00383
552.58557,0.00354
551.41881,0.00353
550.25205,0.00353
549.08528,0.00344
547.91852,0.00308
546.75175,0.00306
545.58499,0.00306
544.41823,0.00348
543.25146,0.00305
542.0847,0.00264
540.91793,0.00244
539.75117,0.00258
538.58441,0.00211
537.41764,0.00195
536.25088,0.00213
535.08412,0.00137
533.91735,0.00163
532.75059,0.00243
531.58382,0.0018
530.41706,0.00232
529.2503,0.00185
528.08353,0.00164
526.91677,0.00155
525.75,0.00136
524.58324,0.00136
523.41648,0.00117
522.24971,7.28E-4
521.08295,7.2E-4
519.91619,7.13E-4
518.74942,4.25E-4
517.58266,6.35E-4
516.41589,6.63E-4
515.24913,2.48E-4
514.08237,2.4E-4
512.9156,-6.9E-5
511.74884,5.75E-4
510.58207,-2.67E-4
509.41531,1.83E-4
508.24855,5.56E-4
507.08178,-3.53E-4
505.91502,-2.48E-4
504.74825,4.03E-4
503.58149,-5.37E-4
502.41473,-1.8E-5
501.24796,4.99E-4
500.0812,5.82E-4
